{
    "loss": 2.241788864135742,
    "accuracy": 0.5035971403121948
}