{
    "loss": 4.825114727020264,
    "accuracy": 0.8776978254318237
}