{
    "loss": 11.549839973449707,
    "accuracy": 0.5467625856399536
}